<?xml version="1.0"?>
<!--<!DOCTYPE metadata SYSTEM "http://www.esri.com/metadata/esriprof80.dtd">-->
<metadata xml:lang="pt"><Esri><MetaID>{AC5CF27E-680A-4A71-9A24-124D8EC91CA5}</MetaID><CreaDate>20150314</CreaDate><CreaTime>12482800</CreaTime><SyncOnce>FALSE</SyncOnce><DataProperties><lineage><Process ToolSource="C:\Program Files (x86)\ArcGIS\ArcToolbox\Toolboxes\Data Management Tools.tbx\Append" Date="20150314" Time="124828">Append 'Database Connections\Producao - dbgeosirgas931@SDF154@sigareas DC.sde\DBGEOSIRGAS931.SIGAREAS.dataset_DNPMGEO_sirgas2000\DBGEOSIRGAS931.SIGAREAS.PROCESSOS_ATIVOS_H_sirgas2000' "Database Connections\Producao - dbgeosirgas931@SDF154@sigareas DC.sde\DBGEOSIRGAS931.SIGAREAS.PROCESSOS_ATIVOS" NO_TEST "ID 'ID' true false false 38 Long 0 0 ,First,#,Database Connections\Producao - dbgeosirgas931@SDF154@sigareas DC.sde\DBGEOSIRGAS931.SIGAREAS.dataset_DNPMGEO_sirgas2000\DBGEOSIRGAS931.SIGAREAS.PROCESSOS_ATIVOS_H_sirgas2000,ID,-1,-1;NumeroProcesso 'NumeroProcesso' true false false 4 Long 0 10 ,First,#,Database Connections\Producao - dbgeosirgas931@SDF154@sigareas DC.sde\DBGEOSIRGAS931.SIGAREAS.dataset_DNPMGEO_sirgas2000\DBGEOSIRGAS931.SIGAREAS.PROCESSOS_ATIVOS_H_sirgas2000,NumeroProcesso,-1,-1;AnoProcesso 'AnoProcesso' true false false 4 Long 0 10 ,First,#,Database Connections\Producao - dbgeosirgas931@SDF154@sigareas DC.sde\DBGEOSIRGAS931.SIGAREAS.dataset_DNPMGEO_sirgas2000\DBGEOSIRGAS931.SIGAREAS.PROCESSOS_ATIVOS_H_sirgas2000,AnoProcesso,-1,-1;AreaHA 'AreaHA' true false false 8 Double 8 38 ,First,#,Database Connections\Producao - dbgeosirgas931@SDF154@sigareas DC.sde\DBGEOSIRGAS931.SIGAREAS.dataset_DNPMGEO_sirgas2000\DBGEOSIRGAS931.SIGAREAS.PROCESSOS_ATIVOS_H_sirgas2000,AreaHA,-1,-1;CotaMinima 'CotaMinima' true false false 8 Double 8 38 ,First,#,Database Connections\Producao - dbgeosirgas931@SDF154@sigareas DC.sde\DBGEOSIRGAS931.SIGAREAS.dataset_DNPMGEO_sirgas2000\DBGEOSIRGAS931.SIGAREAS.PROCESSOS_ATIVOS_H_sirgas2000,CotaMinima,-1,-1;CotaMaxima 'CotaMaxima' true false false 8 Double 8 38 ,First,#,Database Connections\Producao - dbgeosirgas931@SDF154@sigareas DC.sde\DBGEOSIRGAS931.SIGAREAS.dataset_DNPMGEO_sirgas2000\DBGEOSIRGAS931.SIGAREAS.PROCESSOS_ATIVOS_H_sirgas2000,CotaMaxima,-1,-1;NumeroProcessoOrigem 'NumeroProcessoOrigem' true false false 4 Long 0 10 ,First,#,Database Connections\Producao - dbgeosirgas931@SDF154@sigareas DC.sde\DBGEOSIRGAS931.SIGAREAS.dataset_DNPMGEO_sirgas2000\DBGEOSIRGAS931.SIGAREAS.PROCESSOS_ATIVOS_H_sirgas2000,NumeroProcessoOrigem,-1,-1;AnoProcessoOrigem 'AnoProcessoOrigem' true false false 4 Long 0 10 ,First,#,Database Connections\Producao - dbgeosirgas931@SDF154@sigareas DC.sde\DBGEOSIRGAS931.SIGAREAS.dataset_DNPMGEO_sirgas2000\DBGEOSIRGAS931.SIGAREAS.PROCESSOS_ATIVOS_H_sirgas2000,AnoProcessoOrigem,-1,-1;Usuario 'Usuario' true false false 255 Text 0 0 ,First,#,Database Connections\Producao - dbgeosirgas931@SDF154@sigareas DC.sde\DBGEOSIRGAS931.SIGAREAS.dataset_DNPMGEO_sirgas2000\DBGEOSIRGAS931.SIGAREAS.PROCESSOS_ATIVOS_H_sirgas2000,Usuario,-1,-1;SentidoDescricao 'SentidoDescricao' true false false 4 Long 0 10 ,First,#,Database Connections\Producao - dbgeosirgas931@SDF154@sigareas DC.sde\DBGEOSIRGAS931.SIGAREAS.dataset_DNPMGEO_sirgas2000\DBGEOSIRGAS931.SIGAREAS.PROCESSOS_ATIVOS_H_sirgas2000,SentidoDescricao,-1,-1;GDB_FROM_DATE_DNPMGEO 'GDB_FROM_DATE_DNPMGEO' true false false 36 Date 0 0 ,First,#,Database Connections\Producao - dbgeosirgas931@SDF154@sigareas DC.sde\DBGEOSIRGAS931.SIGAREAS.dataset_DNPMGEO_sirgas2000\DBGEOSIRGAS931.SIGAREAS.PROCESSOS_ATIVOS_H_sirgas2000,GDB_FROM_DATE,-1,-1;GDB_TO_DATE_DNPMGEO 'GDB_TO_DATE_DNPMGEO' true false false 36 Date 0 0 ,First,#,Database Connections\Producao - dbgeosirgas931@SDF154@sigareas DC.sde\DBGEOSIRGAS931.SIGAREAS.dataset_DNPMGEO_sirgas2000\DBGEOSIRGAS931.SIGAREAS.PROCESSOS_ATIVOS_H_sirgas2000,GDB_TO_DATE,-1,-1;SHAPE.area 'SHAPE.area' false false true 0 Double 0 0 ,First,#,Database Connections\Producao - dbgeosirgas931@SDF154@sigareas DC.sde\DBGEOSIRGAS931.SIGAREAS.dataset_DNPMGEO_sirgas2000\DBGEOSIRGAS931.SIGAREAS.PROCESSOS_ATIVOS_H_sirgas2000,Shape.area,-1,-1;SHAPE.len 'SHAPE.len' false false true 0 Double 0 0 ,First,#,Database Connections\Producao - dbgeosirgas931@SDF154@sigareas DC.sde\DBGEOSIRGAS931.SIGAREAS.dataset_DNPMGEO_sirgas2000\DBGEOSIRGAS931.SIGAREAS.PROCESSOS_ATIVOS_H_sirgas2000,Shape.len,-1,-1" # "Database Connections\Producao - dbgeosirgas931@SDF154@sigareas DC.sde\DBGEOSIRGAS931.SIGAREAS.PROCESSOS_ATIVOS"</Process><Process ToolSource="C:\Program Files (x86)\ArcGIS\ArcToolbox\Toolboxes\Conversion Tools.tbx\FeatureClassToFeatureClass" Date="20211006" Time="233157">FeatureClassToFeatureClass D:\projetos\sigmine\gdb_connection\SDF154.DBGEOSIRGAS931.sigareas.sde\DBGEOSIRGAS931.SIGAREAS.PROCESSOS_ATIVOS D:\projetos\sigmine\dados PROCESSOS_ATIVOS.shp # "PROCESSO 'NumeroProcesso' true false false 11 Text 0 10 ,Join,/,D:\projetos\sigmine\gdb_connection\SDF154.DBGEOSIRGAS931.sigareas.sde\DBGEOSIRGAS931.SIGAREAS.PROCESSOS_ATIVOS,NumeroProcesso,-1,-1,D:\projetos\sigmine\gdb_connection\SDF154.DBGEOSIRGAS931.sigareas.sde\DBGEOSIRGAS931.SIGAREAS.PROCESSOS_ATIVOS,AnoProcesso,-1,-1;NUMERO 'NumeroProcesso' true false false 4 Short 0 6 ,First,#,D:\projetos\sigmine\gdb_connection\SDF154.DBGEOSIRGAS931.sigareas.sde\DBGEOSIRGAS931.SIGAREAS.PROCESSOS_ATIVOS,NumeroProcesso,-1,-1;ANO 'AnoProcesso' true false false 4 Short 0 4 ,First,#,D:\projetos\sigmine\gdb_connection\SDF154.DBGEOSIRGAS931.sigareas.sde\DBGEOSIRGAS931.SIGAREAS.PROCESSOS_ATIVOS,AnoProcesso,-1,-1;AREA_HA 'AreaHA' true false false 8 Double 8 38 ,First,#,D:\projetos\sigmine\gdb_connection\SDF154.DBGEOSIRGAS931.sigareas.sde\DBGEOSIRGAS931.SIGAREAS.PROCESSOS_ATIVOS,AreaHA,-1,-1;ID 'ID' true false false 38 Text 0 0 ,First,#,D:\projetos\sigmine\gdb_connection\SDF154.DBGEOSIRGAS931.sigareas.sde\DBGEOSIRGAS931.SIGAREAS.PROCESSOS_ATIVOS,ID,-1,-1" # D:\projetos\sigmine\dados\PROCESSOS_ATIVOS.shp</Process><Process ToolSource="C:\Program Files (x86)\ArcGIS\ArcToolbox\Toolboxes\Data Management Tools.tbx\AddField" Date="20211006" Time="233202">AddField D:\projetos\sigmine\dados\PROCESSOS_ATIVOS.shp FASE TEXT # # 40 # NON_NULLABLE NON_REQUIRED # D:\projetos\sigmine\dados\PROCESSOS_ATIVOS.shp</Process><Process ToolSource="C:\Program Files (x86)\ArcGIS\ArcToolbox\Toolboxes\Data Management Tools.tbx\Merge" Date="20211006" Time="233814">Merge D:\projetos\sigmine\dados\PROCESSOS_ATIVOS.shp;D:\projetos\sigmine\dados\DISPONIBILIDADE.shp D:\projetos\sigmine\dados\BRASIL.shp "PROCESSO 'PROCESSO' true true false 11 Text 0 0 ,First,#,D:\projetos\sigmine\dados\PROCESSOS_ATIVOS.shp,PROCESSO,-1,-1,D:\projetos\sigmine\dados\DISPONIBILIDADE.shp,PROCESSO,-1,-1;NUMERO 'NUMERO' true true false 6 Long 0 6 ,First,#,D:\projetos\sigmine\dados\PROCESSOS_ATIVOS.shp,NUMERO,-1,-1,D:\projetos\sigmine\dados\DISPONIBILIDADE.shp,NUMERO,-1,-1;ANO 'ANO' true true false 4 Short 0 4 ,First,#,D:\projetos\sigmine\dados\PROCESSOS_ATIVOS.shp,ANO,-1,-1,D:\projetos\sigmine\dados\DISPONIBILIDADE.shp,ANO,-1,-1;AREA_HA 'AREA_HA' true true false 19 Double 8 18 ,First,#,D:\projetos\sigmine\dados\PROCESSOS_ATIVOS.shp,AREA_HA,-1,-1,D:\projetos\sigmine\dados\DISPONIBILIDADE.shp,AREA_HA,-1,-1;ID 'ID' true true false 38 Text 0 0 ,First,#,D:\projetos\sigmine\dados\PROCESSOS_ATIVOS.shp,ID,-1,-1,D:\projetos\sigmine\dados\DISPONIBILIDADE.shp,ID,-1,-1;FASE 'FASE' true true false 40 Text 0 0 ,First,#,D:\projetos\sigmine\dados\PROCESSOS_ATIVOS.shp,FASE,-1,-1,D:\projetos\sigmine\dados\DISPONIBILIDADE.shp,FASE,-1,-1"</Process><Process ToolSource="C:\Program Files (x86)\ArcGIS\ArcToolbox\Toolboxes\Data Management Tools.tbx\AddField" Date="20211006" Time="233818">AddField D:\projetos\sigmine\dados\BRASIL.shp ULT_EVENTO TEXT # # 90 # NON_NULLABLE NON_REQUIRED # D:\projetos\sigmine\dados\BRASIL.shp</Process><Process ToolSource="C:\Program Files (x86)\ArcGIS\ArcToolbox\Toolboxes\Data Management Tools.tbx\AddField" Date="20211006" Time="233819">AddField D:\projetos\sigmine\dados\BRASIL.shp NOME TEXT # # 120 # NON_NULLABLE NON_REQUIRED # D:\projetos\sigmine\dados\BRASIL.shp</Process><Process ToolSource="C:\Program Files (x86)\ArcGIS\ArcToolbox\Toolboxes\Data Management Tools.tbx\AddField" Date="20211006" Time="233820">AddField D:\projetos\sigmine\dados\BRASIL.shp SUBS TEXT # # 30 # NON_NULLABLE NON_REQUIRED # D:\projetos\sigmine\dados\BRASIL.shp</Process><Process ToolSource="C:\Program Files (x86)\ArcGIS\ArcToolbox\Toolboxes\Data Management Tools.tbx\AddField" Date="20211006" Time="233821">AddField D:\projetos\sigmine\dados\BRASIL.shp USO TEXT # # 30 # NON_NULLABLE NON_REQUIRED # D:\projetos\sigmine\dados\BRASIL.shp</Process><Process ToolSource="C:\Program Files (x86)\ArcGIS\ArcToolbox\Toolboxes\Data Management Tools.tbx\AddField" Date="20211006" Time="233822">AddField D:\projetos\sigmine\dados\BRASIL.shp UF TEXT # # 20 # NON_NULLABLE NON_REQUIRED # D:\projetos\sigmine\dados\BRASIL.shp</Process><Process ToolSource="C:\Program Files (x86)\ArcGIS\ArcToolbox\Toolboxes\Data Management Tools.tbx\AddField" Date="20211006" Time="233824">AddField D:\projetos\sigmine\dados\BRASIL.shp DSProcesso TEXT # # 12 # NON_NULLABLE NON_REQUIRED # D:\projetos\sigmine\dados\BRASIL.shp</Process><Process ToolSource="C:\Program Files (x86)\ArcGIS\ArcToolbox\Toolboxes\Data Management Tools.tbx\CalculateField" Date="20211006" Time="233956">CalculateField D:\projetos\sigmine\dados\BRASIL.shp DSProcesso "str(!NUMERO!).zfill(6)[:3] + "." + str(!NUMERO!).zfill(6)[3:] + "/" + str(!ANO!)" PYTHON_9.3 # D:\projetos\sigmine\dados\BRASIL.shp</Process><Process ToolSource="C:\Program Files (x86)\ArcGIS\ArcToolbox\Toolboxes\Data Management Tools.tbx\AddSpatialIndex" Date="20211006" Time="234253">AddSpatialIndex D:\projetos\sigmine\dados\BRASIL.shp 0 0 0 D:\projetos\sigmine\dados\BRASIL.shp</Process><Process ToolSource="C:\Program Files (x86)\ArcGIS\ArcToolbox\Toolboxes\Data Management Tools.tbx\AddIndex" Date="20211006" Time="234333">AddIndex D:\projetos\sigmine\dados\BRASIL.shp PROCESSO # NON_UNIQUE NON_ASCENDING D:\projetos\sigmine\dados\BRASIL.shp</Process><Process ToolSource="C:\Program Files (x86)\ArcGIS\ArcToolbox\Toolboxes\Data Management Tools.tbx\AddIndex" Date="20211006" Time="234347">AddIndex D:\projetos\sigmine\dados\BRASIL.shp DSProcesso # NON_UNIQUE NON_ASCENDING D:\projetos\sigmine\dados\BRASIL.shp</Process><Process ToolSource="C:\Program Files (x86)\ArcGIS\ArcToolbox\Toolboxes\Data Management Tools.tbx\SelectLayerByLocation" Date="20211007" Time="000025">SelectLayerByLocation BRASIL INTERSECT DIVISAO_ESTADUAL_ESTENDIDA # NEW_SELECTION BRASIL</Process><Process ToolSource="C:\Program Files (x86)\ArcGIS\ArcToolbox\Toolboxes\Data Management Tools.tbx\SelectLayerByLocation" Date="20211007" Time="000042">SelectLayerByLocation BRASIL INTERSECT DIVISAO_ESTADUAL_ESTENDIDA # NEW_SELECTION BRASIL</Process><Process ToolSource="C:\Program Files (x86)\ArcGIS\ArcToolbox\Toolboxes\Data Management Tools.tbx\SelectLayerByLocation" Date="20211007" Time="000220">SelectLayerByLocation BRASIL INTERSECT DIVISAO_ESTADUAL_ESTENDIDA # NEW_SELECTION BRASIL</Process><Process ToolSource="C:\Program Files (x86)\ArcGIS\ArcToolbox\Toolboxes\Data Management Tools.tbx\SelectLayerByLocation" Date="20211007" Time="000242">SelectLayerByLocation BRASIL INTERSECT DIVISAO_ESTADUAL_ESTENDIDA # NEW_SELECTION BRASIL</Process><Process ToolSource="C:\Program Files (x86)\ArcGIS\ArcToolbox\Toolboxes\Data Management Tools.tbx\SelectLayerByLocation" Date="20211007" Time="001615">SelectLayerByLocation BRASIL INTERSECT DIVISAO_ESTADUAL_ESTENDIDA # NEW_SELECTION BRASIL</Process><Process ToolSource="C:\Program Files (x86)\ArcGIS\ArcToolbox\Toolboxes\Data Management Tools.tbx\SelectLayerByLocation" Date="20211007" Time="001712">SelectLayerByLocation BRASIL INTERSECT DIVISAO_ESTADUAL_ESTENDIDA # NEW_SELECTION BRASIL</Process><Process ToolSource="C:\Program Files (x86)\ArcGIS\ArcToolbox\Toolboxes\Data Management Tools.tbx\SelectLayerByLocation" Date="20211007" Time="001730">SelectLayerByLocation BRASIL INTERSECT DIVISAO_ESTADUAL_ESTENDIDA # NEW_SELECTION BRASIL</Process><Process ToolSource="C:\Program Files (x86)\ArcGIS\ArcToolbox\Toolboxes\Data Management Tools.tbx\SelectLayerByLocation" Date="20211007" Time="001827">SelectLayerByLocation BRASIL INTERSECT DIVISAO_ESTADUAL_ESTENDIDA # NEW_SELECTION BRASIL</Process><Process ToolSource="C:\Program Files (x86)\ArcGIS\ArcToolbox\Toolboxes\Data Management Tools.tbx\SelectLayerByLocation" Date="20211007" Time="002504">SelectLayerByLocation BRASIL INTERSECT DIVISAO_ESTADUAL_ESTENDIDA # NEW_SELECTION BRASIL</Process><Process ToolSource="C:\Program Files (x86)\ArcGIS\ArcToolbox\Toolboxes\Data Management Tools.tbx\SelectLayerByLocation" Date="20211007" Time="002635">SelectLayerByLocation BRASIL INTERSECT DIVISAO_ESTADUAL_ESTENDIDA # NEW_SELECTION BRASIL</Process><Process ToolSource="C:\Program Files (x86)\ArcGIS\ArcToolbox\Toolboxes\Data Management Tools.tbx\SelectLayerByLocation" Date="20211007" Time="003705">SelectLayerByLocation BRASIL INTERSECT DIVISAO_ESTADUAL_ESTENDIDA # NEW_SELECTION BRASIL</Process><Process ToolSource="C:\Program Files (x86)\ArcGIS\ArcToolbox\Toolboxes\Data Management Tools.tbx\SelectLayerByLocation" Date="20211007" Time="003839">SelectLayerByLocation BRASIL INTERSECT DIVISAO_ESTADUAL_ESTENDIDA # NEW_SELECTION BRASIL</Process><Process ToolSource="C:\Program Files (x86)\ArcGIS\ArcToolbox\Toolboxes\Data Management Tools.tbx\SelectLayerByLocation" Date="20211007" Time="004031">SelectLayerByLocation BRASIL INTERSECT DIVISAO_ESTADUAL_ESTENDIDA # NEW_SELECTION BRASIL</Process><Process ToolSource="C:\Program Files (x86)\ArcGIS\ArcToolbox\Toolboxes\Data Management Tools.tbx\SelectLayerByLocation" Date="20211007" Time="004213">SelectLayerByLocation BRASIL INTERSECT DIVISAO_ESTADUAL_ESTENDIDA # NEW_SELECTION BRASIL</Process><Process ToolSource="C:\Program Files (x86)\ArcGIS\ArcToolbox\Toolboxes\Data Management Tools.tbx\SelectLayerByLocation" Date="20211007" Time="004253">SelectLayerByLocation BRASIL INTERSECT DIVISAO_ESTADUAL_ESTENDIDA # NEW_SELECTION BRASIL</Process><Process ToolSource="C:\Program Files (x86)\ArcGIS\ArcToolbox\Toolboxes\Data Management Tools.tbx\SelectLayerByLocation" Date="20211007" Time="004415">SelectLayerByLocation BRASIL INTERSECT DIVISAO_ESTADUAL_ESTENDIDA # NEW_SELECTION BRASIL</Process><Process ToolSource="C:\Program Files (x86)\ArcGIS\ArcToolbox\Toolboxes\Data Management Tools.tbx\SelectLayerByLocation" Date="20211007" Time="004502">SelectLayerByLocation BRASIL INTERSECT DIVISAO_ESTADUAL_ESTENDIDA # NEW_SELECTION BRASIL</Process><Process ToolSource="C:\Program Files (x86)\ArcGIS\ArcToolbox\Toolboxes\Data Management Tools.tbx\SelectLayerByLocation" Date="20211007" Time="004810">SelectLayerByLocation BRASIL INTERSECT DIVISAO_ESTADUAL_ESTENDIDA # NEW_SELECTION BRASIL</Process><Process ToolSource="C:\Program Files (x86)\ArcGIS\ArcToolbox\Toolboxes\Data Management Tools.tbx\SelectLayerByLocation" Date="20211007" Time="004930">SelectLayerByLocation BRASIL INTERSECT DIVISAO_ESTADUAL_ESTENDIDA # NEW_SELECTION BRASIL</Process><Process ToolSource="C:\Program Files (x86)\ArcGIS\ArcToolbox\Toolboxes\Data Management Tools.tbx\SelectLayerByLocation" Date="20211007" Time="005005">SelectLayerByLocation BRASIL INTERSECT DIVISAO_ESTADUAL_ESTENDIDA # NEW_SELECTION BRASIL</Process><Process ToolSource="C:\Program Files (x86)\ArcGIS\ArcToolbox\Toolboxes\Data Management Tools.tbx\SelectLayerByLocation" Date="20211007" Time="005044">SelectLayerByLocation BRASIL INTERSECT DIVISAO_ESTADUAL_ESTENDIDA # NEW_SELECTION BRASIL</Process><Process ToolSource="C:\Program Files (x86)\ArcGIS\ArcToolbox\Toolboxes\Data Management Tools.tbx\SelectLayerByLocation" Date="20211007" Time="005113">SelectLayerByLocation BRASIL INTERSECT DIVISAO_ESTADUAL_ESTENDIDA # NEW_SELECTION BRASIL</Process><Process ToolSource="C:\Program Files (x86)\ArcGIS\ArcToolbox\Toolboxes\Data Management Tools.tbx\SelectLayerByLocation" Date="20211007" Time="005305">SelectLayerByLocation BRASIL INTERSECT DIVISAO_ESTADUAL_ESTENDIDA # NEW_SELECTION BRASIL</Process><Process ToolSource="C:\Program Files (x86)\ArcGIS\ArcToolbox\Toolboxes\Data Management Tools.tbx\SelectLayerByLocation" Date="20211007" Time="005606">SelectLayerByLocation BRASIL INTERSECT DIVISAO_ESTADUAL_ESTENDIDA # NEW_SELECTION BRASIL</Process><Process ToolSource="C:\Program Files (x86)\ArcGIS\ArcToolbox\Toolboxes\Data Management Tools.tbx\SelectLayerByLocation" Date="20211007" Time="005646">SelectLayerByLocation BRASIL INTERSECT DIVISAO_ESTADUAL_ESTENDIDA # NEW_SELECTION BRASIL</Process><Process ToolSource="C:\Program Files (x86)\ArcGIS\ArcToolbox\Toolboxes\Data Management Tools.tbx\SelectLayerByLocation" Date="20211007" Time="010046">SelectLayerByLocation BRASIL INTERSECT DIVISAO_ESTADUAL_ESTENDIDA # NEW_SELECTION BRASIL</Process><Process ToolSource="C:\Program Files (x86)\ArcGIS\ArcToolbox\Toolboxes\Data Management Tools.tbx\SelectLayerByLocation" Date="20211007" Time="010459">SelectLayerByLocation BRASIL INTERSECT DIVISAO_ESTADUAL_ESTENDIDA # NEW_SELECTION BRASIL</Process><Process ToolSource="C:\Program Files (x86)\ArcGIS\ArcToolbox\Toolboxes\Data Management Tools.tbx\SelectLayerByLocation" Date="20211007" Time="011546">SelectLayerByLocation BRASIL INTERSECT ZEEDissolved # NEW_SELECTION BRASIL</Process></lineage></DataProperties><SyncDate>20211006</SyncDate><SyncTime>23360600</SyncTime><ModDate>20211006</ModDate><ModTime>23360600</ModTime></Esri><idinfo><native Sync="TRUE">Microsoft Windows Vista Version 6.2 (Build 9200) ; ESRI ArcCatalog 9.3.1.4000</native><descript><langdata Sync="TRUE">pt</langdata><abstract>REQUIRED: A brief narrative summary of the data set.</abstract><purpose>REQUIRED: A summary of the intentions with which the data set was developed.</purpose></descript><citation><citeinfo><origin>REQUIRED: The name of an organization or individual that developed the data set.</origin><pubdate>REQUIRED: The date when the data set is published or otherwise made available for release.</pubdate><title Sync="TRUE">BRASIL</title><ftname Sync="TRUE">BRASIL</ftname><geoform Sync="TRUE">vector digital data</geoform><onlink Sync="TRUE">\\PDF11862\D$\projetos\sigmine\dados\BRASIL.shp</onlink></citeinfo></citation><timeperd><current>REQUIRED: The basis on which the time period of content information is determined.</current><timeinfo><sngdate><caldate>REQUIRED: The year (and optionally month, or month and day) for which the data set corresponds to the ground.</caldate></sngdate></timeinfo></timeperd><status><progress>REQUIRED: The state of the data set.</progress><update>REQUIRED: The frequency with which changes and additions are made to the data set after the initial data set is completed.</update></status><spdom><bounding><westbc Sync="TRUE">REQUIRED: Western-most coordinate of the limit of coverage expressed in longitude.</westbc><eastbc Sync="TRUE">REQUIRED: Eastern-most coordinate of the limit of coverage expressed in longitude.</eastbc><northbc Sync="TRUE">REQUIRED: Northern-most coordinate of the limit of coverage expressed in latitude.</northbc><southbc Sync="TRUE">REQUIRED: Southern-most coordinate of the limit of coverage expressed in latitude.</southbc></bounding></spdom><keywords><theme><themekt>REQUIRED: Reference to a formally registered thesaurus or a similar authoritative source of theme keywords.</themekt><themekey>REQUIRED: Common-use word or phrase used to describe the subject of the data set.</themekey></theme></keywords><accconst>REQUIRED: Restrictions and legal prerequisites for accessing the data set.</accconst><useconst>REQUIRED: Restrictions and legal prerequisites for using the data set after access is granted.</useconst><natvform Sync="TRUE">Shapefile</natvform></idinfo><dataIdInfo><envirDesc Sync="TRUE">Microsoft Windows Vista Version 6.2 (Build 9200) ; ESRI ArcCatalog 9.3.1.4000</envirDesc><dataLang><languageCode Sync="TRUE" value="pt"></languageCode></dataLang><idCitation><resTitle Sync="TRUE">BRASIL</resTitle><presForm><PresFormCd Sync="TRUE" value="005"></PresFormCd></presForm></idCitation><spatRpType><SpatRepTypCd Sync="TRUE" value="001"></SpatRepTypCd></spatRpType></dataIdInfo><metainfo><langmeta Sync="TRUE">pt</langmeta><metstdn Sync="TRUE">FGDC Content Standards for Digital Geospatial Metadata</metstdn><metstdv Sync="TRUE">FGDC-STD-001-1998</metstdv><mettc Sync="TRUE">local time</mettc><metc><cntinfo><cntorgp><cntper>REQUIRED: The person responsible for the metadata information.</cntper><cntorg>REQUIRED: The organization responsible for the metadata information.</cntorg></cntorgp><cntaddr><addrtype>REQUIRED: The mailing and/or physical address for the organization or individual.</addrtype><city>REQUIRED: The city of the address.</city><state>REQUIRED: The state or province of the address.</state><postal>REQUIRED: The ZIP or other postal code of the address.</postal></cntaddr><cntvoice>REQUIRED: The telephone number by which individuals can speak to the organization or individual.</cntvoice></cntinfo></metc><metd Sync="TRUE">20211006</metd><metextns><onlink Sync="TRUE">http://www.esri.com/metadata/esriprof80.html</onlink><metprof Sync="TRUE">ESRI Metadata Profile</metprof></metextns></metainfo><mdLang><languageCode Sync="TRUE" value="pt"></languageCode></mdLang><mdStanName Sync="TRUE">ISO 19115 Geographic Information - Metadata</mdStanName><mdStanVer Sync="TRUE">DIS_ESRI1.0</mdStanVer><mdChar><CharSetCd Sync="TRUE" value="004"></CharSetCd></mdChar><mdHrLv><ScopeCd Sync="TRUE" value="005"></ScopeCd></mdHrLv><mdHrLvName Sync="TRUE">dataset</mdHrLvName><distinfo><resdesc Sync="TRUE">Downloadable Data</resdesc><stdorder><digform><digtinfo><transize Sync="TRUE">0,000</transize><dssize Sync="TRUE">0,000</dssize></digtinfo></digform></stdorder></distinfo><distInfo><distributor><distorTran><onLineSrc><orDesc Sync="TRUE">002</orDesc><linkage Sync="TRUE">file://\\PDF11862\D$\projetos\sigmine\dados\BRASIL.shp</linkage><protocol Sync="TRUE">Local Area Network</protocol></onLineSrc><transSize Sync="TRUE">0,000</transSize></distorTran><distorFormat><formatName Sync="TRUE">Shapefile</formatName></distorFormat></distributor></distInfo><spdoinfo><direct Sync="TRUE">Vector</direct><ptvctinf><esriterm Name="BRASIL"><efeatyp Sync="TRUE">Simple</efeatyp><efeageom Sync="TRUE">Polygon</efeageom><esritopo Sync="TRUE">FALSE</esritopo><efeacnt Sync="TRUE">0</efeacnt><spindex Sync="TRUE">FALSE</spindex><linrefer Sync="TRUE">TRUE</linrefer></esriterm><sdtsterm Name="BRASIL"><sdtstype Sync="TRUE">G-polygon</sdtstype><ptvctcnt Sync="TRUE">0</ptvctcnt></sdtsterm></ptvctinf></spdoinfo><spref><horizsys><cordsysn><geogcsn Sync="TRUE">GCS_SIRGAS_2000</geogcsn></cordsysn><geograph><geogunit Sync="TRUE">Decimal degrees</geogunit><latres Sync="TRUE">0.000000</latres><longres Sync="TRUE">0.000000</longres></geograph><geodetic><horizdn Sync="TRUE">D_SIRGAS_2000</horizdn><ellips Sync="TRUE">Geodetic Reference System 80</ellips><semiaxis Sync="TRUE">6378137.000000</semiaxis><denflat Sync="TRUE">298.257222</denflat></geodetic></horizsys><vertdef><altsys><altenc Sync="TRUE">Explicit elevation coordinate included with horizontal coordinates</altenc><altres Sync="TRUE">0.000100</altres></altsys></vertdef></spref><refSysInfo><RefSystem><refSysID><identCode Sync="TRUE">GCS_SIRGAS_2000</identCode></refSysID></RefSystem></refSysInfo><spatRepInfo><VectSpatRep><topLvl><TopoLevCd Sync="TRUE" value="001"></TopoLevCd></topLvl><geometObjs Name="BRASIL"><geoObjTyp><GeoObjTypCd Sync="TRUE" value="001"></GeoObjTypCd></geoObjTyp><geoObjCnt Sync="TRUE">0</geoObjCnt></geometObjs></VectSpatRep></spatRepInfo><eainfo><detailed Name="BRASIL"><enttyp><enttypl Sync="TRUE">BRASIL</enttypl><enttypt Sync="TRUE">Feature Class</enttypt><enttypc Sync="TRUE">0</enttypc></enttyp><attr><attrlabl Sync="TRUE">FID</attrlabl><attalias Sync="TRUE">FID</attalias><attrtype Sync="TRUE">OID</attrtype><attwidth Sync="TRUE">4</attwidth><atprecis Sync="TRUE">0</atprecis><attscale Sync="TRUE">0</attscale><attrdef Sync="TRUE">Internal feature number.</attrdef><attrdefs Sync="TRUE">ESRI</attrdefs><attrdomv><udom Sync="TRUE">Sequential unique whole numbers that are automatically generated.</udom></attrdomv></attr><attr><attrlabl Sync="TRUE">Shape</attrlabl><attalias Sync="TRUE">Shape</attalias><attrtype Sync="TRUE">Geometry</attrtype><attwidth Sync="TRUE">0</attwidth><atprecis Sync="TRUE">0</atprecis><attscale Sync="TRUE">0</attscale><attrdef Sync="TRUE">Feature geometry.</attrdef><attrdefs Sync="TRUE">ESRI</attrdefs><attrdomv><udom Sync="TRUE">Coordinates defining the features.</udom></attrdomv></attr><attr><attrlabl Sync="TRUE">PROCESSO</attrlabl><attalias Sync="TRUE">PROCESSO</attalias><attrtype Sync="TRUE">String</attrtype><attwidth Sync="TRUE">11</attwidth></attr><attr><attrlabl Sync="TRUE">NUMERO</attrlabl><attalias Sync="TRUE">NUMERO</attalias><attrtype Sync="TRUE">Number</attrtype><attwidth Sync="TRUE">6</attwidth></attr><attr><attrlabl Sync="TRUE">ANO</attrlabl><attalias Sync="TRUE">ANO</attalias><attrtype Sync="TRUE">Number</attrtype><attwidth Sync="TRUE">4</attwidth></attr><attr><attrlabl Sync="TRUE">AREA_HA</attrlabl><attalias Sync="TRUE">AREA_HA</attalias><attrtype Sync="TRUE">Number</attrtype><attwidth Sync="TRUE">19</attwidth><atnumdec Sync="TRUE">8</atnumdec></attr><attr><attrlabl Sync="TRUE">ID</attrlabl><attalias Sync="TRUE">ID</attalias><attrtype Sync="TRUE">String</attrtype><attwidth Sync="TRUE">38</attwidth></attr><attr><attrlabl Sync="TRUE">FASE</attrlabl><attalias Sync="TRUE">FASE</attalias><attrtype Sync="TRUE">String</attrtype><attwidth Sync="TRUE">40</attwidth></attr></detailed></eainfo><mdDateSt Sync="TRUE">20211006</mdDateSt></metadata>
